{
	"partitions" : [
		{
			"name" : "Top",
			"pins" : [
				{
					"name" : "sum[0]",
					"strict" : false
				},
				{
					"name" : "sum[1]",
					"strict" : false
				},
				{
					"name" : "sum[2]",
					"strict" : false
				},
				{
					"name" : "sum[3]",
					"strict" : false
				},
				{
					"name" : "sum[4]",
					"strict" : false
				},
				{
					"name" : "sum[5]",
					"strict" : false
				},
				{
					"name" : "sum[6]",
					"strict" : false
				},
				{
					"name" : "sum[7]",
					"strict" : false
				},
				{
					"name" : "sum[8]",
					"strict" : false
				},
				{
					"name" : "start",
					"strict" : false
				},
				{
					"name" : "clock",
					"strict" : false
				},
				{
					"name" : "resetn",
					"strict" : false
				},
				{
					"name" : "A[0]",
					"strict" : false
				},
				{
					"name" : "B[0]",
					"strict" : false
				},
				{
					"name" : "A[1]",
					"strict" : false
				},
				{
					"name" : "B[1]",
					"strict" : false
				},
				{
					"name" : "A[2]",
					"strict" : false
				},
				{
					"name" : "B[2]",
					"strict" : false
				},
				{
					"name" : "A[3]",
					"strict" : false
				},
				{
					"name" : "B[3]",
					"strict" : false
				},
				{
					"name" : "A[4]",
					"strict" : false
				},
				{
					"name" : "B[4]",
					"strict" : false
				},
				{
					"name" : "A[5]",
					"strict" : false
				},
				{
					"name" : "B[5]",
					"strict" : false
				},
				{
					"name" : "A[6]",
					"strict" : false
				},
				{
					"name" : "B[6]",
					"strict" : false
				},
				{
					"name" : "A[7]",
					"strict" : false
				},
				{
					"name" : "B[7]",
					"strict" : false
				}
			]
		}
	]
}