<?xml version="1.0" encoding="UTF-8"?>
<preferences>
 <debug showDebugMenu="0" />
 <systemtable filter="All Interfaces">
  <columns>
   <connections preferredWidth="191" />
   <irq preferredWidth="34" />
   <inputclock preferredWidth="261" />
  </columns>
 </systemtable>
 <library
   expandedCategories="Library,Project,Library/Processors and Peripherals,Library/Processors and Peripherals/Peripherals" />
 <window width="1936" height="1056" x="-8" y="-8" />
 <generation block_symbol_file="1" synthesis="VHDL" />
 <hdlexample language="VHDL" />
</preferences>
