{
	"partitions" : [
		{
			"name" : "Top",
			"pins" : [
				{
					"name" : "LED[0]",
					"strict" : false
				},
				{
					"name" : "LED[1]",
					"strict" : false
				},
				{
					"name" : "LED[2]",
					"strict" : false
				},
				{
					"name" : "LED[3]",
					"strict" : false
				},
				{
					"name" : "LED[4]",
					"strict" : false
				},
				{
					"name" : "LED[5]",
					"strict" : false
				},
				{
					"name" : "LED[6]",
					"strict" : false
				},
				{
					"name" : "LED[7]",
					"strict" : false
				},
				{
					"name" : "LIS3DH_SCLK",
					"strict" : false
				},
				{
					"name" : "LIS3DH_SS",
					"strict" : false
				},
				{
					"name" : "LIS3DH_MOSI",
					"strict" : false
				},
				{
					"name" : "CLK12M",
					"strict" : false
				},
				{
					"name" : "RST_BTN",
					"strict" : false
				},
				{
					"name" : "USER_BTN",
					"strict" : false
				},
				{
					"name" : "LIS3DH_INT[0]",
					"strict" : false
				},
				{
					"name" : "LIS3DH_INT[1]",
					"strict" : false
				},
				{
					"name" : "LIS3DH_MISO",
					"strict" : false
				},
				{
					"name" : "altera_reserved_tms",
					"strict" : false
				},
				{
					"name" : "altera_reserved_tck",
					"strict" : false
				},
				{
					"name" : "altera_reserved_tdi",
					"strict" : false
				},
				{
					"name" : "altera_reserved_tdo",
					"strict" : false
				}
			]
		}
	]
}